,name,year,link,bgr,id
0,Lupin The 3rd vs. Cat’s Eye,2023,https://myflixer.to/movie/lupin-the-3rd-vs-cats-eye-95107,https://img.myflixer.to/xxrz/250x400/201/17/3e/173eda35b1e479f3af4237dc83ecea6e/173eda35b1e479f3af4237dc83ecea6e.jpg,95107
1,Ten Doors,2022,https://myflixer.to/movie/ten-doors-95080,https://img.myflixer.to/xxrz/250x400/201/fd/5e/fd5e3e1782eda50bb8baa298d324845e/fd5e3e1782eda50bb8baa298d324845e.jpg,95080
2,Everybody's Oma,2022,https://myflixer.to/movie/everybodys-oma-95077,https://img.myflixer.to/xxrz/250x400/201/f7/c0/f7c0ec07e917fde6176d3d60d1a0b698/f7c0ec07e917fde6176d3d60d1a0b698.jpg,95077
3,Attack of the Killer Chickens: The Movie,2022,https://myflixer.to/movie/attack-of-the-killer-chickens-the-movie-95074,https://img.myflixer.to/xxrz/250x400/201/63/dd/63ddc76c371f986b5c1f0b6f81edf4bb/63ddc76c371f986b5c1f0b6f81edf4bb.jpg,95074
4,After School Lunch Special 2: Sloppy Seconds,2022,https://myflixer.to/movie/after-school-lunch-special-2-sloppy-seconds-95071,https://img.myflixer.to/xxrz/250x400/201/9b/e6/9be6862dda6550865651a5eb26d9e9af/9be6862dda6550865651a5eb26d9e9af.jpg,95071
5,No Bears,2022,https://myflixer.to/movie/no-bears-95068,https://img.myflixer.to/xxrz/250x400/201/87/5b/875b80531a36e0b7341389a6d1b8a55e/875b80531a36e0b7341389a6d1b8a55e.jpg,95068
6,Kings of Mulberry Street: Let Love Reign,2023,https://myflixer.to/movie/kings-of-mulberry-street-let-love-reign-95065,https://img.myflixer.to/xxrz/250x400/201/67/b6/67b69dd7b48f2d28291289e6beeb9db4/67b69dd7b48f2d28291289e6beeb9db4.jpg,95065
7,Girl Picture,2022,https://myflixer.to/movie/girl-picture-95062,https://img.myflixer.to/xxrz/250x400/201/c0/7d/c07d206337b2093568058d4248cfa76a/c07d206337b2093568058d4248cfa76a.jpg,95062
8,Gangs of Lagos,2023,https://myflixer.to/movie/gangs-of-lagos-95059,https://img.myflixer.to/xxrz/250x400/201/83/2f/832fb84cfde7a4298e22f6116b73ff70/832fb84cfde7a4298e22f6116b73ff70.jpg,95059
9,Oh Belinda,2023,https://myflixer.to/movie/oh-belinda-95056,https://img.myflixer.to/xxrz/250x400/201/f9/c0/f9c09d1b5b4c65634147c80147ea3f07/f9c09d1b5b4c65634147c80147ea3f07.jpg,95056
10,A Lot of Nothing,2023,https://myflixer.to/movie/a-lot-of-nothing-95053,https://img.myflixer.to/xxrz/250x400/201/8c/11/8c117b5f022938c07024bf1cde492e85/8c117b5f022938c07024bf1cde492e85.jpg,95053
11,The Pope's Exorcist,2023,https://myflixer.to/movie/the-popes-exorcist-95038,https://img.myflixer.to/xxrz/250x400/201/08/be/08be6e80b6bc3aaf6963a0ab5a3fae16/08be6e80b6bc3aaf6963a0ab5a3fae16.jpg,95038
12,Three Days in the Woods 2: Killin' Time,2022,https://myflixer.to/movie/three-days-in-the-woods-2-killin-time-95035,https://img.myflixer.to/xxrz/250x400/201/f7/8e/f78ebf9206fe9c8f3bc2cd2beafedca9/f78ebf9206fe9c8f3bc2cd2beafedca9.jpg,95035
13,Linoleum,2023,https://myflixer.to/movie/linoleum-95032,https://img.myflixer.to/xxrz/250x400/201/fb/a0/fba0dbfb82f400aecf89faf220034bad/fba0dbfb82f400aecf89faf220034bad.jpg,95032
14,Lizzy Hoo: Hoo Cares!?,2023,https://myflixer.to/movie/lizzy-hoo-hoo-cares-95029,https://img.myflixer.to/xxrz/250x400/201/83/f3/83f3bf23396aeea20833d6e77ec524c0/83f3bf23396aeea20833d6e77ec524c0.jpg,95029
15,Living with Chucky,2022,https://myflixer.to/movie/living-with-chucky-95026,https://img.myflixer.to/xxrz/250x400/201/90/9c/909c8633a9b6173ceded9e159adbe5cd/909c8633a9b6173ceded9e159adbe5cd.jpg,95026
16,The Super Mario Bros. Movie,2023,https://myflixer.to/movie/the-super-mario-bros-movie-95023,https://img.myflixer.to/xxrz/250x400/201/f7/69/f769d69be489f65e8cb1748693fce35e/f769d69be489f65e8cb1748693fce35e.jpg,95023
17,Chupa,2023,https://myflixer.to/movie/chupa-95020,https://img.myflixer.to/xxrz/250x400/201/dc/71/dc7112972b564e96cd8ff2230042bf5d/dc7112972b564e96cd8ff2230042bf5d.jpg,95020
18,Bunker,2022,https://myflixer.to/movie/bunker-94984,,94984
19,The Portable Door,2023,https://myflixer.to/movie/the-portable-door-94981,,94981
20,Jet Pilot,1957,https://myflixer.to/movie/jet-pilot-94978,,94978
21,The Phantom Tollbooth,1970,https://myflixer.to/movie/the-phantom-tollbooth-94972,,94972
22,Beyond Impossible,2022,https://myflixer.to/movie/beyond-impossible-94954,,94954
23,Watching the Detectives,2007,https://myflixer.to/movie/watching-the-detectives-94951,,94951
24,The Workout Room,2019,https://myflixer.to/movie/the-workout-room-94942,,94942
25,Wait With Me,2023,https://myflixer.to/movie/wait-with-me-94939,,94939
26,Victorious,2020,https://myflixer.to/movie/victorious-94936,,94936
27,Victor,2016,https://myflixer.to/movie/victor-94933,,94933
28,Unstable,2012,https://myflixer.to/movie/unstable-94930,,94930
29,To A Moral Certainty,2022,https://myflixer.to/movie/to-a-moral-certainty-94927,,94927
30,The Legend of Kate Kensington,2015,https://myflixer.to/movie/the-legend-of-kate-kensington-94924,,94924
31,The Hand That Robs the Cradle,2023,https://myflixer.to/movie/the-hand-that-robs-the-cradle-94921,,94921
32,Starcrossed,2014,https://myflixer.to/movie/starcrossed-94918,https://img.myflixer.to/xxrz/250x400/201/31/2c/312cb4baf23fe5fc66cb87ed856fce0b/312cb4baf23fe5fc66cb87ed856fce0b.jpg,94918
33,Sparks: The Ken Sparks Story,2022,https://myflixer.to/movie/sparks-the-ken-sparks-story-94915,https://img.myflixer.to/xxrz/250x400/201/52/24/52249f75e8c3063e06ed2bd703f999a6/52249f75e8c3063e06ed2bd703f999a6.jpg,94915
34,Secure the Bag,2019,https://myflixer.to/movie/secure-the-bag-94912,https://img.myflixer.to/xxrz/250x400/201/3e/72/3e7285eacff4b24abdc1b79d1764d267/3e7285eacff4b24abdc1b79d1764d267.jpg,94912
35,The Products of the American Ghetto,2018,https://myflixer.to/movie/the-products-of-the-american-ghetto-94909,https://img.myflixer.to/xxrz/250x400/201/89/c2/89c22ae4560064c99061bb59f0a39d0e/89c22ae4560064c99061bb59f0a39d0e.jpg,94909
36,Not Broken,2021,https://myflixer.to/movie/not-broken-94906,https://img.myflixer.to/xxrz/250x400/201/f0/f3/f0f3b07dac9b8a718025765905fa6ba5/f0f3b07dac9b8a718025765905fa6ba5.jpg,94906
37,Narco Valley,2018,https://myflixer.to/movie/narco-valley-94903,https://img.myflixer.to/xxrz/250x400/201/e3/ce/e3ce36b93176a25866a3b2543c3e1bfc/e3ce36b93176a25866a3b2543c3e1bfc.jpg,94903
38,My Name Is Mo'Nique,2023,https://myflixer.to/movie/my-name-is-monique-94900,https://img.myflixer.to/xxrz/250x400/201/0e/c0/0ec05127e21ce38fce18d227a478a56d/0ec05127e21ce38fce18d227a478a56d.jpg,94900
39,Magdala Rose,2019,https://myflixer.to/movie/magdala-rose-94897,https://img.myflixer.to/xxrz/250x400/201/da/29/da295d3c965c3fda3c3acdd9619302de/da295d3c965c3fda3c3acdd9619302de.jpg,94897
40,The Lying Truth,2014,https://myflixer.to/movie/the-lying-truth-94894,https://img.myflixer.to/xxrz/250x400/201/c0/3b/c03b6d00b6f506198693713932224e6e/c03b6d00b6f506198693713932224e6e.jpg,94894
41,London Mitchell's Christmas,2019,https://myflixer.to/movie/london-mitchells-christmas-94891,https://img.myflixer.to/xxrz/250x400/201/58/26/5826ac599f8fe4586fac22d28700f64b/5826ac599f8fe4586fac22d28700f64b.jpg,94891
42,Lion Spy,2021,https://myflixer.to/movie/lion-spy-94888,https://img.myflixer.to/xxrz/250x400/201/89/fe/89fe337d378c2bcb927b73e6a5a05273/89fe337d378c2bcb927b73e6a5a05273.jpg,94888
43,Lewis Capaldi: How I'm Feeling Now,2023,https://myflixer.to/movie/lewis-capaldi-how-im-feeling-now-94885,https://img.myflixer.to/xxrz/250x400/201/2c/32/2c32e633528993c834ebc3968753d5d7/2c32e633528993c834ebc3968753d5d7.jpg,94885
44,Hudson,2019,https://myflixer.to/movie/hudson-94882,https://img.myflixer.to/xxrz/250x400/201/4a/12/4a1227a24a5e31dda1d4880d2f9ce638/4a1227a24a5e31dda1d4880d2f9ce638.jpg,94882
45,Horse Camp,2015,https://myflixer.to/movie/horse-camp-94879,https://img.myflixer.to/xxrz/250x400/201/e9/e3/e9e36ee41c0b16bc80602e9679aacb8a/e9e36ee41c0b16bc80602e9679aacb8a.jpg,94879
46,Dua Lipa: Elevating,2022,https://myflixer.to/movie/dua-lipa-elevating-94876,https://img.myflixer.to/xxrz/250x400/201/37/1b/371b593471f5333a9906bfc866bd5f5a/371b593471f5333a9906bfc866bd5f5a.jpg,94876
47,Human Hibachi 2,2022,https://myflixer.to/movie/human-hibachi-2-94873,https://img.myflixer.to/xxrz/250x400/201/27/e2/27e23b4248c5c1ee5c50ea2ff44ae8c5/27e23b4248c5c1ee5c50ea2ff44ae8c5.jpg,94873
48,Visions of Filth,2021,https://myflixer.to/movie/visions-of-filth-94870,https://img.myflixer.to/xxrz/250x400/201/64/e4/64e4519917903f5b89ffdb61c57c4c78/64e4519917903f5b89ffdb61c57c4c78.jpg,94870
49,Dark Lullabies: An Anthology by Michael Coulombe,2023,https://myflixer.to/movie/dark-lullabies-an-anthology-by-michael-coulombe-94867,https://img.myflixer.to/xxrz/250x400/201/c1/75/c1758cd2eb79dec22c1b263dc589ae3c/c1758cd2eb79dec22c1b263dc589ae3c.jpg,94867
50,His Only Son,2023,https://myflixer.to/movie/his-only-son-94864,,94864
51,Malum,2023,https://myflixer.to/movie/malum-94861,,94861
52,Seneca – On the Creation of Earthquakes,2023,https://myflixer.to/movie/seneca-on-the-creation-of-earthquakes-94858,,94858
53,Whiteley,2017,https://myflixer.to/movie/whiteley-94855,,94855
54,Neon,2016,https://myflixer.to/movie/neon-94852,,94852
55,Keep the Lights On,2012,https://myflixer.to/movie/keep-the-lights-on-94849,,94849
56,The Mole People,1956,https://myflixer.to/movie/the-mole-people-94846,,94846
57,The New Corporation: The Unfortunately Necessary Sequel,2020,https://myflixer.to/movie/the-new-corporation-the-unfortunately-necessary-sequel-94843,,94843
58,Toscana,2022,https://myflixer.to/movie/toscana-94840,,94840
59,Buried in Barstow,2022,https://myflixer.to/movie/buried-in-barstow-94837,,94837
60,Attica,2021,https://myflixer.to/movie/attica-94834,,94834
61,Ascension,2021,https://myflixer.to/movie/ascension-94831,,94831
62,Writing with Fire,2021,https://myflixer.to/movie/writing-with-fire-94828,,94828
63,We Feed People,2022,https://myflixer.to/movie/we-feed-people-94825,,94825
64,Shiloh,1996,https://myflixer.to/movie/shiloh-94822,https://img.myflixer.to/xxrz/250x400/201/78/4f/784f3bcc979cd46a41d64541a66d8e8a/784f3bcc979cd46a41d64541a66d8e8a.jpg,94822
65,Saving Shiloh,2006,https://myflixer.to/movie/saving-shiloh-94819,https://img.myflixer.to/xxrz/250x400/201/c0/75/c0750babdc7e4ea2a02621eb0210f6df/c0750babdc7e4ea2a02621eb0210f6df.jpg,94819
66,Revolution of Our Times,2021,https://myflixer.to/movie/revolution-of-our-times-94816,https://img.myflixer.to/xxrz/250x400/201/c0/8b/c08b2260be9cc5ef9e578f193a913297/c08b2260be9cc5ef9e578f193a913297.jpg,94816
67,Inside,2023,https://myflixer.to/movie/inside-94813,https://img.myflixer.to/xxrz/250x400/201/19/5a/195a1c85e413ee91ab28842c1d5b5d32/195a1c85e413ee91ab28842c1d5b5d32.jpg,94813
68,Monumental: Ellie Goulding at Kew Gardens,2023,https://myflixer.to/movie/monumental-ellie-goulding-at-kew-gardens-94807,https://img.myflixer.to/xxrz/250x400/201/cc/f8/ccf8ef9dcf063ef23bf4fb374fa011e5/ccf8ef9dcf063ef23bf4fb374fa011e5.jpg,94807
69,Divorce Bait,2022,https://myflixer.to/movie/divorce-bait-94804,https://img.myflixer.to/xxrz/250x400/201/d7/14/d71406f94b71dd82efa3a4a900afb5a7/d71406f94b71dd82efa3a4a900afb5a7.jpg,94804
70,A Run for More,2022,https://myflixer.to/movie/a-run-for-more-94801,https://img.myflixer.to/xxrz/250x400/201/5b/d2/5bd2cb9cf5075a5ef59eb32b32d85117/5bd2cb9cf5075a5ef59eb32b32d85117.jpg,94801
71,Birdemic 3: Sea Eagle,2022,https://myflixer.to/movie/birdemic-3-sea-eagle-94798,https://img.myflixer.to/xxrz/250x400/201/96/8a/968a68b207696234a07f9f026db8e7db/968a68b207696234a07f9f026db8e7db.jpg,94798
72,Midnight Oil: 1984,2018,https://myflixer.to/movie/midnight-oil-1984-94795,https://img.myflixer.to/xxrz/250x400/201/2b/45/2b450598b7d529643c112cf4d254733f/2b450598b7d529643c112cf4d254733f.jpg,94795
73,RocKabul,2017,https://myflixer.to/movie/rockabul-94792,https://img.myflixer.to/xxrz/250x400/201/1f/58/1f5879040e75559c16e9ae161d6dfa66/1f5879040e75559c16e9ae161d6dfa66.jpg,94792
74,The Sunnyboy,2013,https://myflixer.to/movie/the-sunnyboy-94789,https://img.myflixer.to/xxrz/250x400/201/2a/2a/2a2a092b6dd1649924b266648cff2607/2a2a092b6dd1649924b266648cff2607.jpg,94789
75,Mile... Mile & A Half,2013,https://myflixer.to/movie/mile-mile-a-half-94786,https://img.myflixer.to/xxrz/250x400/201/12/f7/12f76ac9453d98fad7fb034f19e48f3a/12f76ac9453d98fad7fb034f19e48f3a.jpg,94786
76,Ben Lee: Catch My Disease,2012,https://myflixer.to/movie/ben-lee-catch-my-disease-94783,https://img.myflixer.to/xxrz/250x400/201/e2/ba/e2ba0ae9439b6f4a24a29a6eb28b980c/e2ba0ae9439b6f4a24a29a6eb28b980c.jpg,94783
77,Tinnitus,2023,https://myflixer.to/movie/tinnitus-94777,https://img.myflixer.to/xxrz/250x400/201/26/b5/26b5df3a2777ff48f73d243b3aff7fd1/26b5df3a2777ff48f73d243b3aff7fd1.jpg,94777
78,The Origin of Evil,2022,https://myflixer.to/movie/the-origin-of-evil-94774,https://img.myflixer.to/xxrz/250x400/201/65/ce/65ceb5c481498d71b7405ab95e8bdd12/65ceb5c481498d71b7405ab95e8bdd12.jpg,94774
79,The Baby Swindler,2023,https://myflixer.to/movie/the-baby-swindler-94771,https://img.myflixer.to/xxrz/250x400/201/ee/97/ee979b2e53f5544adc1628ed4bfc1df7/ee979b2e53f5544adc1628ed4bfc1df7.jpg,94771
80,Rock Dog 3: Battle the Beat,2023,https://myflixer.to/movie/rock-dog-3-battle-the-beat-94768,https://img.myflixer.to/xxrz/250x400/201/e7/a0/e7a0a60365ef2f88b2effeb9f04d7f5b/e7a0a60365ef2f88b2effeb9f04d7f5b.jpg,94768
81,Love in the Maldives,2023,https://myflixer.to/movie/love-in-the-maldives-94765,https://img.myflixer.to/xxrz/250x400/201/5b/8a/5b8ab56bb97fa8acea380d693728850a/5b8ab56bb97fa8acea380d693728850a.jpg,94765
82,Leila's Brothers,2022,https://myflixer.to/movie/leilas-brothers-94762,,94762
83,EO,2022,https://myflixer.to/movie/eo-94759,,94759
84,Kill Boksoon,2023,https://myflixer.to/movie/kill-boksoon-94708,,94708
85,Prom Pact,2023,https://myflixer.to/movie/prom-pact-94705,,94705
86,Murder Mystery 2,2023,https://myflixer.to/movie/murder-mystery-2-94702,,94702
87,Rye Lane,2023,https://myflixer.to/movie/rye-lane-94696,,94696
88,The Unheard,2023,https://myflixer.to/movie/the-unheard-94684,,94684
89,Tetris,2023,https://myflixer.to/movie/tetris-94681,,94681
90,Assassin,2023,https://myflixer.to/movie/assassin-94678,,94678
91,Tomorrow is Today,2022,https://myflixer.to/movie/tomorrow-is-today-94660,,94660
92,"Monica, O My Darling",2022,https://myflixer.to/movie/monica-o-my-darling-94654,,94654
93,RRR,2022,https://myflixer.to/movie/rrr-94651,,94651
94,The Ambush,2021,https://myflixer.to/movie/the-ambush-94648,,94648
95,The Dawn Wall,2017,https://myflixer.to/movie/the-dawn-wall-94642,,94642
